date,message,views,forwards,replies
2022-09-29 19:41:12+00:00,"–û—Ç –ø–æ–¥–ø–∏—Å—á–∏–∫–∞:",592.0,1.0,183.0
2022-09-29 19:32:10+00:00,"–û—Ç –ø–æ–¥–ø–∏—Å—á–∏–∫–∞:",748.0,6.0,126.0
2022-09-29 19:12:23+00:00,"–û–∫–∞–∑—ã–≤–∞–µ—Ç—Å—è –Ω–∞—à –ø–æ–¥–ø–∏—Å—á–∏–∫ - —ç—Ç–æ –¥–∞–≤–Ω–∏–π –∑–∞—â–∏—Ç–Ω–∏–∫ –∏–¥–µ–π —Å–±–ª–∏–∂–µ–Ω–∏—è —Å –†–æ—Å—Å–∏–µ–π –∏ —Ä—É—Å—Å–∫–æ–≥–æ –º–∏—Ä–∞!",1023.0,14.0,109.0
2022-09-29 18:24:25+00:00,"–û—Ç –ø–æ–¥–ø–∏—Å—á–∏–∫–∞:",1658.0,40.0,470.0
2022-09-29 17:05:38+00:00,"–£–∂–µ –≤—Å–µ–º –ø–æ–Ω—è—Ç–Ω–æ, —á—Ç–æ –Ω–∞—à –º–∏—Ç–∏–Ω–≥ - —ç—Ç–æ —Ç–æ—á–Ω–æ –≥–ª–∞–≤–Ω–æ–µ —Å–æ–±—ã—Ç–∏–µ –ì—Ä—É–∑–∏–∏",2088.0,15.0,2562.0
2022-09-29 15:56:15+00:00,"–û—Ç –ø–æ–¥–ø–∏—Å—á–∏—Ü—ã: ",2926.0,8.0,326.0
2022-09-29 15:44:29+00:00,"–ù–∞ –£–∫—Ä–∞–∏–Ω–µ –Ω–µ—Ç –Ω–∞—Ü–∏–∑–º–∞? –ß—É–¥–æ–≤–∏—â–Ω—ã–π —Å–ª—É—á–∞–π –Ω–∞ –£–∫—Ä–∞–∏–Ω–µ.",2532.0,14.0,124.0
2022-09-29 15:33:02+00:00,"–ü–∏—à–µ–º –≤ –±–µ—Å–µ–¥–∞—Ö –ø—Ä–æ –º–∏—Ç–∏–Ω–≥! –ù—É–∂–Ω–æ –º–Ω–æ–≥–æ –ª—é–¥–µ–π!",2491.0,0.0,238.0
2022-09-29 15:15:25+00:00,"–û—Ç –ø–æ–¥–ø–∏—Å—á–∏–∫–∞:",2729.0,7.0,199.0
2022-09-29 13:32:27+00:00,"–ê –≤–æ–æ–±—â–µ, —Ç–∞–∫ —Ä–∞–∑–æ–±—Ä–∞—Ç—å—Å—è –∑–Ω–∞–µ—Ç–µ? –í–æ—Ç —ç—Ç–∞ –ø–æ–º–µ—Ç–∫–∞ ""fake"" –≤ –Ω–∞—à–µ–º —Å–ª—É—á–∞–µ = –∑–Ω–∞–∫ –∫–∞—á–µ—Å—Ç–≤–∞!",5126.0,24.0,1248.0
2022-09-29 13:28:42+00:00,"–ü–æ—Å–ª–µ —Å–µ–≥–æ–¥–Ω—è—à–Ω–µ–π –ø—Ä–µ—Å—Ç—É–ø–Ω–æ–π –∞—Ç–∞–∫–∏ —É–∫—Ä–∞–∏–Ω—Å–∫–∏—Ö —Å–ø–µ—Ü—Å–ª—É–∂–±",4557.0,26.0,147.0
2022-09-29 12:52:51+00:00,"–ï–©–Å –†–ê–ó! –ö—Ç–æ –Ω–µ –ø–æ–Ω—è–ª! –ì—Ä—É–∑–∏—è –±—É–¥–µ—Ç —Å–≤–æ–±–æ–¥–Ω–æ–π, —Ä–∞–Ω–æ –∏–ª–∏ –ø–æ–∑–¥–Ω–æ, –±—É–¥–µ—Ç!",5551.0,22.0,330.0
2022-09-29 12:50:25+00:00,"–≠—ç—ç, –≤—ã —Ç–∞–º —Å—Ç—Ä–∞—Ö –ø–æ—Ç–µ—Ä—è–ª–∏? –ö–∞–∫–æ–π Fake?",6135.0,28.0,189.0
2022-09-29 09:54:22+00:00,"‚ö°–î–µ–ø—É—Ç–∞—Ç–∞–º –ì–æ—Å–¥—É–º—ã –†–æ—Å—Å–∏–∏ —Ä–∞–∑–æ—Å–ª–∞–Ω–æ –Ω–∞ –∑–∞–≤—Ç—Ä–∞ –ø—Ä–∏–≥–ª–∞—à–µ–Ω–∏–µ –≤ –ö—Ä–µ–º–ª—å",8107.0,23.0,1228.0
2022-09-29 09:23:16+00:00,"–î–æ –º–∏—Ç–∏–Ω–≥–∞ –æ—Å—Ç–∞–ª—Å—è –æ–¥–∏–Ω –¥–µ–Ω—å!",9436.0,252.0,860.0
2022-09-29 07:58:37+00:00,"–û—Ç –ø–æ–¥–ø–∏—Å—á–∏–∫–∞:",9400.0,88.0,810.0
2022-09-29 07:24:00+00:00,"–í–∏–¥–µ–æ –æ—Ç –Ω–∞—à–µ–≥–æ –ø–æ–¥–ø–∏—Å—á–∏–∫–∞:",8644.0,35.0,246.0
2022-09-29 07:05:21+00:00,"–ú—ã ‚Äî –æ–±—ä–µ–¥–∏–Ω–µ–Ω–∏–µ —Ä—É—Å—Å–∫–∏—Ö –≥—Ä–∞–∂–¥–∞–Ω –°–®–ê, –∫–æ—Ç–æ—Ä—ã–µ —Ö–æ—Ç—è—Ç –∂–∏—Ç—å –≤ –º–∏—Ä–Ω–æ–º –∏ –º–Ω–æ–≥–æ–ø–æ–ª—è—Ä–Ω–æ–º –º–∏—Ä–µ. ",7672.0,33.0,44.0
2022-09-29 07:05:21+00:00,"–†—É—Å—Å–∫–∏–µ, –≥—Ä—É–∑–∏–Ω—ã, –∞—Ä–º—è–Ω–µ, –µ–≤—Ä–µ–∏ –°–®–ê! –ü–∞–±–ª–∏–∫ –¥–ª—è –≤–∞—Å!",7426.0,9.0,15.0
2022-09-29 06:36:27+00:00,"–£–¥–∞—Ä–∏–º –ø–æ —Ç–∏—Ä–∞–Ω–∏–∏ –∑–∞–ø–∞–¥–∞! ",8685.0,49.0,260.0
2022-09-29 05:35:04+00:00,"–ö—É–¥–∞ —Å–æ–æ–±—â–∏—Ç—å –æ –º–∏—Ç–∏–Ω–≥–µ?! ",8328.0,34.0,254.0
2022-09-29 05:06:23+00:00,"–í–´–•–û–î–ò! 30 —Å–µ–Ω—Ç—è–±—Ä—è 19:00 –ø–æ –¢–±–∏–ª–∏—Å–∏, –ø–ª–æ—â–∞–¥—å –°–≤–æ–±–æ–¥—ã. ",8729.0,339.0,781.0
2022-09-28 19:13:36+00:00,"–í–æ—Ç, —á—Ç–æ –¥–µ–ª–∞–µ—Ç –†–æ—Å—Å–∏—è! ",14575.0,140.0,6642.0
2022-09-28 18:50:10+00:00,"–û—Ç –ø–æ–¥–ø–∏—Å—á–∏–∫–∞: ",14520.0,125.0,1366.0
2022-09-28 17:40:50+00:00,"–û—Ç –ø–æ–¥–ø–∏—Å—á–∏–∫–∞: –î–æ–±—Ä—ã–π –≤–µ—á–µ—Ä, –¥—Ä—É–∑—å—è. –ú–µ–Ω—è –∑–æ–≤—É—Ç –õ—É–∫–∞, –º–Ω–µ 36. –ñ–∏–≤—É –≤ –¢–±–∏–ª–∏—Å–∏.",17191.0,77.0,4558.0
2022-09-28 16:27:41+00:00,"–ì—Ä—É–∑–ò–Ø, –†–æ—Å—Å–ò–Ø! –ì—Ä—É–∑–ò–Ø, –†–æ—Å—Å–ò–Ø!!",20502.0,191.0,751.0
2022-09-28 15:33:16+00:00,"–û—Ç –ø–æ–¥–ø–∏—Å—á–∏—Ü—ã: –†–æ–æ–æ–¥–Ω—ã–µ–µ–µ–µ)) —è —Ç–∞–∫ —Ä–∞–¥–∞ ü§ó",19587.0,114.0,286.0
2022-09-28 14:01:18+00:00,"–ì—Ä—É–∑–∏–Ω–æ—Ñ–æ–±—ã –∏ —Ä—É—Å–æ—Ñ–æ–±—ã —É–∂–µ –Ω–∞–∫—Ä—É—Ç–∏–ª–∏ –Ω–∞–º –ø–ª–æ—Ö–∏–µ —Ä–µ–∞–∫—Ü–∏–∏! –ù–∞—Å –Ω–µ –æ—Å—Ç–∞–Ω–æ–≤–∏—Ç—å!",16733.0,95.0,270.0
2022-09-28 09:42:58+00:00,"30 —Å–µ–Ω—Ç—è–±—Ä—è, –¢–±–∏–ª–∏—Å–∏! ",32050.0,1149.0,1005.0
2022-09-28 07:01:31+00:00,"–ü—Ä—è–º–æ —Å–µ–π—á–∞—Å –≤ –Ω–∞—à—É —Å—Ç—Ä–∞–Ω—É –ø—Ä–∏–µ–∑–∂–∞–µ—Ç –æ–≥—Ä–æ–º–Ω–æ–µ —á–∏—Å–ª–æ —Ä–æ—Å—Å–∏—è–Ω",13966.0,150.0,61.0
2022-09-27 15:45:48+00:00,"–°–≤–æ–±–æ–¥–Ω–∞—è –ì—Ä—É–∑–∏—è —Ç—Ä–µ–±—É–µ—Ç –æ—Ç –Ω–∞—à–∏—Ö –≤–ª–∞—Å—Ç–µ–π –Ω–µ–∑–∞–º–µ–¥–ª–∏—Ç–µ–ª—å–Ω–æ –ø—Ä–∏–∑–Ω–∞—Ç—å —Ä–µ–∑—É–ª—å—Ç–∞—Ç—ã —Ä–µ—Ñ–µ—Ä–µ–Ω–¥—É–º–∞ –≤ –î–ù–†, –õ–ù–†, –•–µ—Ä—Å–æ–Ω—Å–∫–æ–π –∏ –ó–∞–ø–æ—Ä–æ–∂—Å–∫–æ–π –æ–±–ª–∞—Å—Ç–∏",11308.0,16.0,70.0
